Metric,Value
MAE,68086.35518016924
RMSE,76058.48091127779
MAPE,906.046361112699
R2,0.17492556700462347
Accuracy,-806.046361112699
